name,display_name,domain_category,support_category,default_product,keywords,example_complaints,clarifying_question,description
broadband_disconnects,Broadband Disconnect,CONNECTIVITY,Broadband,broadband,broadband keeps disconnecting|keeps disconnecting|disconnecting|disconnects|broadband drops|internet drops|connection drops|drops every|cutting out|drops out|dropping out|connection keeps dropping,My broadband keeps disconnecting every evening|The internet connection drops out several times a day|My fibre connection keeps cutting out|internet keeps cutting out|my connection drops out randomly|broadband disconnects a few times every day|the fibre goes down for a minute then comes back|keep losing internet connection at home|connection keeps resetting throughout the day|wifi router loses connection every few hours|home internet is unstable and keeps going off,"At what time of day do the drops happen, and does the router or ONT show any warning light?",Fixed broadband connection drops intermittently
broadband_no_internet,Broadband No Internet,CONNECTIVITY,Internet,broadband,no internet|connected but no internet|internet not working|broadband not working|internet down|no internet access|broadband down,My broadband is connected to the router but there is no internet|Home internet is completely down|internet not working at all at home|broadband stopped working completely|router says connected but websites wont open|home internet is dead|can't get online at home since last night|everything is connected but there is no internet access|broadband totally down today,"Are the router and ONT lights normal, and is the problem on every device?",Router is connected but there is no internet access
broadband_slow,Broadband Slow,CONNECTIVITY,Broadband,broadband,broadband slow|broadband speed|slow broadband|slow internet|internet slow|speed slow|buffering|low speed|slow speeds|speed paying for|poor speed|download speed|crawl|web pages,My broadband speed is slow during the evening|Internet is very slow and videos keep buffering|broadband speed has dropped a lot|speed test shows much lower speed than my plan|videos keep loading forever on my home internet|internet is sluggish all the time|downloads at home take ages|fibre is much slower than it used to be|slow wifi speeds at home,"When does it happen, and is it slow on both Wi-Fi and wired devices?",Fixed broadband performance is slower than expected
wifi_not_working,Wi-Fi Not Working,CONNECTIVITY,Wi-Fi,Wi-Fi,wifi not working|wifi down|wifi stopped|cannot connect wifi|wifi not connecting|wifi network not showing|wifi signal weak|wifi keeps disconnecting|wifi only works|next to the router|wifi range,Wi-Fi is not working on my devices|My phone cannot connect to the home Wi-Fi|devices won't join the home wifi|wifi is not working in some rooms|my tv can't connect to wifi|wifi password not accepted|home wifi network keeps disappearing|wifi signal is very weak upstairs|cannot see my wifi name in the list,"Does the problem affect every device, or only one?",Home Wi-Fi unavailable or failing on devices
router_restart_issue,Router Restart Issue,CONNECTIVITY,Wi-Fi,router,restarted router but|router keeps restarting|router restart issue|router not restarting|router reboot loop|restart did not fix|connection problem remains,"I restarted the router but the connection problem remains|My router keeps rebooting by itself|switched the router off and back on, same issue|the router keeps restarting itself|reset the router but the problem is still there|router stuck restarting over and over|unplugged the router and plugged it back, no change",Which lights does the router show after the restart completes?,"Problem persists after a router restart, or router restarts unexpectedly"
mobile_data_not_working,Mobile Data Not Working,CONNECTIVITY,Mobile,mobile data,mobile data not working|mobile data|data not working|mobile internet not working|mobile internet|cellular data|4g not working|data connection not working|cannot browse|unless on wifi|only on wifi,My mobile data is not working|Mobile internet stopped working on my phone|mobile data stopped working|no internet on my phone without wifi|my phone has signal but no data|cellular data not working since this morning|can't use the internet on my phone away from home|data is switched on but nothing loads,Do you see network bars and the mobile data icon on the phone?,Mobile data connection unavailable
mobile_data_slow,Mobile Data Slow,CONNECTIVITY,Mobile,mobile data,mobile data slow|data slow|slow data|mobile internet slow|data speed slow|4g slow|phone internet|crawl,My mobile data is very slow|4G speed has become extremely slow|4g speed is terrible|data on my phone is really slow today|pages load very slowly on mobile data|phone internet speed dropped|my 5g data feels slow|streaming on mobile data keeps buffering|slow data when I'm outside,Does the slowdown happen in one location or everywhere?,Mobile data performance is slow
no_signal,No Network Signal,CONNECTIVITY,Mobile,mobile network,no signal|no network|no network signal|no service|network not available|emergency calls only|sos only|signal bars|no bars|no coverage|network coverage,My phone shows no network signal|Phone says no service at home|phone shows emergency calls only|lost network signal on my phone|no network on my mobile|signal disappears in my house|there is no mobile signal where I live|my phone lost all reception,"Is the no-signal problem in one location, and has the SIM been reseated?",Device has no mobile network signal
5g_not_available,5G Not Available,CONNECTIVITY,5G,5G service,5g not available|5g not showing|no 5g|5g not working|5g icon|5g missing|only 4g,My phone supports 5G but 5G is not available|The 5G icon never appears on my phone|5g not working on my phone|phone only connects to 4g not 5g|5g option missing in settings|can't connect to 5g network|my 5g phone stays on lte|5g signal never appears|5g service unavailable,Which network mode is selected on the device?,5G is not available on a 5G-capable device
call_drops,Call Drops,CONNECTIVITY,Calls,voice service,calls keep dropping|call drops|calls drop|dropped calls|call dropping|calls get cut|call disconnects|calls cut off,My calls keep dropping|Calls get cut after a minute|my calls end suddenly|call disconnects in the middle of talking|phone calls keep cutting off|calls drop after a few seconds|every call I make gets cut|dropped calls all the time|conversation cuts out and the call ends,Do the calls drop in a specific location or at a specific time?,Voice calls disconnect unexpectedly
call_quality,Call Quality,CONNECTIVITY,Calls,voice service,cannot hear|hear me clearly|call quality|echo|voice breaking|robotic voice|choppy calls|crackling|crackly|breaking up,People cannot hear me clearly during calls|There is an echo on every call|bad call quality|voice is choppy during calls|echo on my phone calls|the other person sounds distorted|call audio keeps breaking|static noise on calls|poor sound quality when calling|callers say they can't hear me clearly,"Does it affect incoming calls, outgoing calls, or both?",Poor voice quality on calls
sms_not_received,SMS Not Received,CONNECTIVITY,SMS,SMS service,not receiving sms|sms not received|not getting sms|otp not received|messages not arriving|text messages not|not receiving otp|never arrives|not receiving text|verification code|passcode|one time passcode,I am not receiving SMS messages|OTP messages never arrive on my phone|not receiving sms|otp messages not coming|can't receive one time passwords|my phone doesn't get texts|messages from my bank never arrive|sms delayed or missing,"Is it incoming SMS, outgoing SMS, or both?",SMS or OTP messages not delivered
sim_not_detected,SIM Not Detected,SIM,SIM,SIM,sim not detected|no sim|sim not recognized|detect sim|sim unavailable|invalid sim|insert sim|sim card not detected,My phone does not detect the SIM|Phone says no SIM card inserted|no sim detected|insert sim message keeps showing|my phone doesn't recognise the sim|sim stopped being detected|phone shows no sim,Has the SIM been tested in another phone?,Device does not detect the SIM card
sim_activation,SIM Activation,SIM,SIM,SIM,sim not activated|activate sim|sim activation|new sim not working|sim not active|activate new sim|new sim|sim is new,My new SIM has not activated|I need to activate my new SIM card|new sim not activated|sim card still not active|sim activation pending|my new sim has no service yet|sim not activated after a day,"When was the SIM inserted, and was the activation request submitted?",New SIM not yet active
sim_replacement,SIM Replacement,SIM,SIM,eSIM,replacement sim|replace sim|lost sim|damaged sim|sim replacement|esim transfer|new esim|broken sim|stolen|mine was stolen,I need a replacement SIM|My SIM card is damaged and needs replacing|my sim card is broken|lost my phone and sim|replace my sim with an esim|order a new sim|my sim got stolen,"Is the replacement for a lost, damaged, or changed device?",Customer needs a replacement SIM or eSIM
roaming_not_working,Roaming Not Working,CONNECTIVITY,Roaming,roaming,roaming not working|roaming|abroad|travelling|international roaming|overseas|another country|travelling in|flew to|on holiday|trip abroad,My roaming service is not working|My phone has no service while abroad|no service while travelling overseas|phone doesn't work in another country|can't use data abroad|international roaming not active|no network on holiday abroad,"Which country are you in, and is roaming enabled on the line?",Service unavailable while roaming
billing_dispute,Billing Dispute,BILLING,Billing,mobile bill,dispute|charged twice|double charged|overcharged|wrong bill|bill incorrect|incorrect bill|billing error|invoice wrong|bill|invoice|charged,I want to dispute a charge on my bill|I was charged twice this month|my bill is incorrect|billed for something i didn't use|wrong amount on my invoice|double charged on my account|the bill amount is wrong,Which billing period and line item is being disputed?,Customer disputes a bill amount
unexpected_charge,Unexpected Charge,BILLING,Billing,mobile bill,unexpected charge|unknown charge|extra charge|unrecognized charge|hidden charge|charge on my bill|charge do not recognize|fee|never agreed|premium service,There is an unexpected charge on my bill|I see an extra charge I do not recognise|what is this charge|extra fee on my bill|strange charge on my account|charged for a service i didn't order|unknown charge this month|there's an additional charge i didn't expect,What is the name of the line item and which billing period is it on?,Unrecognised charge appears on the bill
payment_failed,Payment Failed,BILLING,Billing,payment,payment failed|payment declined|payment not going through|could not pay|payment unsuccessful|transaction failed|card declined|bill payment failed|direct debit|accept my card|card for the bill,My bill payment failed|My card payment keeps getting declined|payment failed|my bill payment didn't work|card declined when paying my bill|can't pay my bill online|payment error on the app|transaction failed while paying|my payment keeps getting rejected|bill payment not going through,Was money deducted from the account even though the payment failed?,Bill payment unsuccessful
refund_status,Refund Status,BILLING,Billing,refund,refund|refund status|money back|refund not received|where is my refund,I want to know the status of my refund|My refund has not arrived|refund not received yet|when will i get my refund|check my refund status|still no refund|refund taking too long|status of my refund|my money hasn't been refunded,Do you have the refund reference or the original transaction date?,Customer asks about a refund
recharge_issue,Recharge Issue,PLAN,Recharge,recharge plan,recharge|top up|topup|recharge failed|recharge not credited|balance not updated|recharge did not complete,My recharge did not complete|I topped up but the balance did not update|recharge not reflected|top up failed|balance not updated after recharge|recharge done but no balance|credit not added after paying|recharge successful but plan not active|topped up but nothing changed,Do you have the recharge transaction reference?,Recharge or top-up not applied
plan_change,Plan Change,PLAN,Recharge,mobile plan,change plan|change my plan|upgrade plan|downgrade|switch plan|plan change|change current plan|switch to|move to|go to an unlimited,I want to change my current plan|Please upgrade my plan|change my plan|upgrade my plan|switch to another plan|move to a cheaper plan|downgrade my package|i want a different tariff|change to a plan with more data,Which plan would you like to move to?,Customer wants to change plan
plan_information,Plan Information,PLAN,Recharge,mobile plan,available plans|plan information|plan details|which plan|plan options|information about plans|compare plans|plan prices|prices of plans|plans include|what plans|how much|cheapest plan|family plan|plans do you have,I want information about available plans|What plans can I choose from?|what plans do you offer|show me your plans|plan details please|which plan is best for me|compare your plans|information about your packages|what tariffs are available|list of available plans,Are you interested in mobile or broadband plans?,Customer requests plan information
account_login,Account Login,ACCOUNT,Account,customer account,cannot log in|cannot login|login failed|log in|login|sign in|locked out,I cannot log in to my account|The app says my login failed|can't log in|login not working|app says wrong credentials|can't sign in to the website|account locked after login attempts|cannot access my account,What message do you see when the login fails?,Customer cannot sign in to the self-care account
account_security,Account Security,SECURITY,Account,customer account,hacked|unauthorized|unauthorised|suspicious|security of my account|fraud|someone accessed|sim swap|account security|phishing|logged into my account|someone logged|sim being moved|moved to another phone,I am concerned about the security of my account|Someone accessed my account without permission|suspicious activity on my account|someone changed my password|unauthorised access to my account|my sim was swapped without permission|fraud on my account|strange login on my account|someone is using my number,When did you first notice the suspicious activity?,Possible compromise or suspicious account activity
password_reset,Password Reset,ACCOUNT,Account,customer account,reset password|forgot password|password reset|change password|reset account password,I need to reset my account password|I forgot my password|didn't get the password reset email|how to change my password|password reset code not arriving|locked out need new password,Can you receive the verification code on your registered contact?,Customer needs a password reset
profile_update,Profile Update,ACCOUNT,Account,customer account,update profile|update account profile|change address|update email|change email|update phone number|profile update|update my details|change phone number|update address|billing address,I need to update my account profile|I want to change the email on my account|change my email|change my address|update my contact number|edit my profile|my name is wrong on my account|change account details|update personal information,Which profile field needs to change?,Customer wants to update profile details
service_activation,Service Activation,INSTALLATION,Internet,broadband,service not activated|service has not activated|activation pending|activate service|service activation|service not active|switched on yet|not switched on|line not active,My service has not activated yet|Activation is still pending|my service isn't working yet after signing up|activate my service|new service still inactive|service activation taking too long|my order hasn't been activated|service not started yet|when will my service be activated,Do you have the activation request reference?,Service activation pending or incomplete
new_connection_status,New Connection Status,INSTALLATION,Internet,broadband,new connection|installation status|new broadband connection|connection status|installation|installation date,I want to check the status of my new broadband connection|When will my installation happen?|new fibre order status|has my installation been scheduled|engineer visit for new connection|tracking my new connection request|when is my broadband going live,Do you have the new-connection request reference?,Status of a new connection or installation
service_outage,Service Outage,SERVICE,Internet,broadband,outage|service outage|area outage|network down in my area|everyone in my area|whole area|neighbours also|wrong with network|whole neighbourhood|neighbourhood,I think there may be a service outage in my area|The whole street has no internet|is there an outage|service down for everyone near me|outage affecting my area|everyone around me has no service|is there a problem with your network today|area wide internet outage,Which area or postcode is affected?,Possible area-wide service outage
